{"cameraMode":{"drawMode":0,"name":"Shaded","section":"Shading Mode"},"sceneLighting":true,"audioPlay":false,"sceneViewState":{"m_AlwaysRefresh":false,"showFog":true,"showSkybox":true,"showFlares":true,"showImageEffects":true,"showParticleSystems":true,"showVisualEffectGraphs":true,"m_FxEnabled":true},"in2DMode":false,"pivot":{"x":-1.0512619018554688,"y":8.81753158569336,"z":-8.426170349121094},"rotation":{"x":0.037411902099847797,"y":-0.06501006335020066,"z":0.0024390099570155145,"w":0.9971804618835449},"size":19.37248420715332,"orthographic":false}