{"cameraMode":{"drawMode":0,"name":"Shaded","section":"Shading Mode"},"sceneLighting":false,"audioPlay":false,"sceneViewState":{"m_AlwaysRefresh":false,"showFog":true,"showSkybox":false,"showFlares":true,"showImageEffects":true,"showParticleSystems":true,"showVisualEffectGraphs":true,"m_FxEnabled":true},"in2DMode":false,"pivot":{"x":-10.691544532775879,"y":-48.365848541259769,"z":97.2516860961914},"rotation":{"x":0.44851598143577578,"y":-0.14498282968997956,"z":0.07399286329746247,"w":0.8788293600082398},"size":0.5011677145957947,"orthographic":false}