{"cameraMode":{"drawMode":0,"name":"Shaded","section":"Shading Mode"},"sceneLighting":false,"audioPlay":false,"sceneViewState":{"m_AlwaysRefresh":false,"showFog":true,"showSkybox":false,"showFlares":true,"showImageEffects":true,"showParticleSystems":true,"showVisualEffectGraphs":true,"m_FxEnabled":true},"in2DMode":false,"pivot":{"x":-12.420000076293946,"y":4.239999771118164,"z":-7.630000114440918},"rotation":{"x":0.12118914723396301,"y":-0.014887846074998379,"z":0.00182039150968194,"w":0.9925280213356018},"size":0.3421739637851715,"orthographic":true}